,cBBidSize,cBAskSize,pBBidSize,pBAskSize,cBidAsk,pBidAsk
0,24.7,37.92727272727272,23.854545454545455,28.66060606060606,125.90036469696982,133.7683657575758
