,cBBidSize,cBAskSize,pBBidSize,pBAskSize,cBidAsk,pBidAsk
1,21.01818181818182,12.56969696969697,19.636363636363637,12.51818181818182,146.28649924242433,141.5006365151515
